Channel_Cellbody,Channel_KTR_Cyan,Channel_KTR_Green,Channel_Nucleus,Count_Cells,Count_Cytoplasm,Count_Nuclei,ExecutionTime_01Images,ExecutionTime_02Metadata,ExecutionTime_03NamesAndTypes,ExecutionTime_04Groups,ExecutionTime_05IdentifyPrimaryObjects,ExecutionTime_06IdentifySecondaryObjects,ExecutionTime_07IdentifyTertiaryObjects,ExecutionTime_08MeasureObjectIntensity,ExecutionTime_09MeasureObjectSizeShape,ExecutionTime_10TrackObjects,ExecutionTime_11TrackObjects,ExecutionTime_12CalculateMath,ExecutionTime_13CalculateMath,ExecutionTime_14SaveImages,FileName_Cellbody,FileName_KTR_Cyan,FileName_KTR_Green,FileName_Nucleus,Frame_Cellbody,Frame_KTR_Cyan,Frame_KTR_Green,Frame_Nucleus,Group_Index,Group_Number,Height_Cellbody,Height_KTR_Cyan,Height_KTR_Green,Height_Nucleus,ImageNumber,ImageSet_ImageSet,MD5Digest_Cellbody,MD5Digest_KTR_Cyan,MD5Digest_KTR_Green,MD5Digest_Nucleus,Metadata_Channel,Metadata_FileLocation,Metadata_Frame,Metadata_Sample,Metadata_Series,Metadata_Time,ModuleError_01Images,ModuleError_02Metadata,ModuleError_03NamesAndTypes,ModuleError_04Groups,ModuleError_05IdentifyPrimaryObjects,ModuleError_06IdentifySecondaryObjects,ModuleError_07IdentifyTertiaryObjects,ModuleError_08MeasureObjectIntensity,ModuleError_09MeasureObjectSizeShape,ModuleError_10TrackObjects,ModuleError_11TrackObjects,ModuleError_12CalculateMath,ModuleError_13CalculateMath,ModuleError_14SaveImages,PathName_Cellbody,PathName_KTR_Cyan,PathName_KTR_Green,PathName_Nucleus,ProcessingStatus,Scaling_Cellbody,Scaling_KTR_Cyan,Scaling_KTR_Green,Scaling_Nucleus,Series_Cellbody,Series_KTR_Cyan,Series_KTR_Green,Series_Nucleus,Threshold_FinalThreshold_Cells,Threshold_FinalThreshold_Nuclei,Threshold_OrigThreshold_Cells,Threshold_OrigThreshold_Nuclei,Threshold_SumOfEntropies_Cells,Threshold_SumOfEntropies_Nuclei,Threshold_WeightedVariance_Cells,Threshold_WeightedVariance_Nuclei,TrackObjects_LostObjectCount_Cytoplasm_3,TrackObjects_LostObjectCount_Nuclei_3,TrackObjects_MergedObjectCount_Cytoplasm_3,TrackObjects_MergedObjectCount_Nuclei_3,TrackObjects_NewObjectCount_Cytoplasm_3,TrackObjects_NewObjectCount_Nuclei_3,TrackObjects_SplitObjectCount_Cytoplasm_3,TrackObjects_SplitObjectCount_Nuclei_3,URL_Cellbody,URL_KTR_Cyan,URL_KTR_Green,URL_Nucleus,Width_Cellbody,Width_KTR_Cyan,Width_KTR_Green,Width_Nucleus
-1,-1,-1,-1,786.0,785.0,786.0,0,0,3.460000000000001,0,1.8800000000000026,0.75,0.19000000000000128,1.3599999999999959,2.6999999999999957,2.0900000000000034,0.0799999999999983,0.020000000000003126,0.00999999999999801,0.0,KTR_cellmask_0001.tif,KTR_Cyan-Channel0001.tif,KTR_Green-Channel0001.tif,KTR_nucleus0001.tif,0,0,0,0,1,1,1024,1024,1024,1024,1,eLudHbLcG20aD60kMDrJMZijB32SY7RtPOiiaHSWY1BHD41mOUD1kR0A0mIkdw==,c918b9adb47822e63f03327083c8fcf5,f77f76cd5cf480f6581eafdd1ea45163,1cbea60e0d0bce77a5782127124922d5,bbc25731f572f11a01c1e1e936339299,cellmask,nan,0,KTR,0,01,0,0,0,0,0,0,0,0,0,0,0,0,0,0,/Users/Joachim/surfdrive/Sergei/KTR-analysis-workflow/Dataset example 20200204 HeLa E2 S1P UK P1 1317 nM s8/processed,/Users/Joachim/surfdrive/Sergei/KTR-analysis-workflow/Dataset example 20200204 HeLa E2 S1P UK P1 1317 nM s8/processed,/Users/Joachim/surfdrive/Sergei/KTR-analysis-workflow/Dataset example 20200204 HeLa E2 S1P UK P1 1317 nM s8/processed,/Users/Joachim/surfdrive/Sergei/KTR-analysis-workflow/Dataset example 20200204 HeLa E2 S1P UK P1 1317 nM s8/processed,Done,255,65535,65535,65535,0,0,0,0,0.5,0.005,0.5,0.005,-6.366634883303993,-13.268558391015636,0.0,0.39514263765019564,0,0,0,0,785,786,0,0,file:/Users/Joachim/surfdrive/Sergei/KTR-analysis-workflow/Dataset%20example%2020200204%20HeLa%20E2%20S1P%20UK%20P1%201317%20nM%20s8/processed/KTR_cellmask_0001.tif,file:/Users/Joachim/surfdrive/Sergei/KTR-analysis-workflow/Dataset%20example%2020200204%20HeLa%20E2%20S1P%20UK%20P1%201317%20nM%20s8/processed/KTR_Cyan-Channel0001.tif,file:/Users/Joachim/surfdrive/Sergei/KTR-analysis-workflow/Dataset%20example%2020200204%20HeLa%20E2%20S1P%20UK%20P1%201317%20nM%20s8/processed/KTR_Green-Channel0001.tif,file:/Users/Joachim/surfdrive/Sergei/KTR-analysis-workflow/Dataset%20example%2020200204%20HeLa%20E2%20S1P%20UK%20P1%201317%20nM%20s8/processed/KTR_nucleus0001.tif,1024,1024,1024,1024
-1,-1,-1,-1,799.0,799.0,799.0,0,0,1.740000000000002,0,1.3700000000000045,0.769999999999996,0.20000000000000284,1.4299999999999926,2.769999999999996,2.0600000000000023,0.12000000000000455,0.00999999999999801,0.00999999999999801,0.0,KTR_cellmask_0002.tif,KTR_Cyan-Channel0002.tif,KTR_Green-Channel0002.tif,KTR_nucleus0002.tif,0,0,0,0,2,1,1024,1024,1024,1024,2,eLudHbLcG20aD60kAJ/kMBptGg++6EGf5KB+JI22jak4AkSbPDRax1FvBIhaMQSqj+wA3V8kew==,7a9f27ffc2c494c554b7e4eef9cb704d,77cc1d0f586384cf4fa03a27f72a512b,fd265d2a595627f1712c1342fd0d445e,b3f421156717bf22aeee0e55cb74ca22,cellmask,nan,0,KTR,0,02,0,0,0,0,0,0,0,0,0,0,0,0,0,0,/Users/Joachim/surfdrive/Sergei/KTR-analysis-workflow/Dataset example 20200204 HeLa E2 S1P UK P1 1317 nM s8/processed,/Users/Joachim/surfdrive/Sergei/KTR-analysis-workflow/Dataset example 20200204 HeLa E2 S1P UK P1 1317 nM s8/processed,/Users/Joachim/surfdrive/Sergei/KTR-analysis-workflow/Dataset example 20200204 HeLa E2 S1P UK P1 1317 nM s8/processed,/Users/Joachim/surfdrive/Sergei/KTR-analysis-workflow/Dataset example 20200204 HeLa E2 S1P UK P1 1317 nM s8/processed,Done,255,65535,65535,65535,0,0,0,0,0.5,0.005,0.5,0.005,-6.366472079871122,-13.26982415808924,0.0,0.3976278797205737,94,21,8,3,102,32,12,5,file:/Users/Joachim/surfdrive/Sergei/KTR-analysis-workflow/Dataset%20example%2020200204%20HeLa%20E2%20S1P%20UK%20P1%201317%20nM%20s8/processed/KTR_cellmask_0002.tif,file:/Users/Joachim/surfdrive/Sergei/KTR-analysis-workflow/Dataset%20example%2020200204%20HeLa%20E2%20S1P%20UK%20P1%201317%20nM%20s8/processed/KTR_Cyan-Channel0002.tif,file:/Users/Joachim/surfdrive/Sergei/KTR-analysis-workflow/Dataset%20example%2020200204%20HeLa%20E2%20S1P%20UK%20P1%201317%20nM%20s8/processed/KTR_Green-Channel0002.tif,file:/Users/Joachim/surfdrive/Sergei/KTR-analysis-workflow/Dataset%20example%2020200204%20HeLa%20E2%20S1P%20UK%20P1%201317%20nM%20s8/processed/KTR_nucleus0002.tif,1024,1024,1024,1024
-1,-1,-1,-1,787.0,787.0,787.0,0,0,1.269999999999996,0,1.6099999999999994,0.759999999999998,0.19999999999999574,1.4100000000000037,2.6500000000000057,2.1099999999999994,0.09999999999999432,0.010000000000005116,0.00999999999999801,0.0,KTR_cellmask_0003.tif,KTR_Cyan-Channel0003.tif,KTR_Green-Channel0003.tif,KTR_nucleus0003.tif,0,0,0,0,3,1,1024,1024,1024,1024,3,eLudHbLcG20aD60kAJ/kGG0aD8LoQZ/koH4kjbaNqTgCNNo2HnTRgzYCRK0YAtVHdgDoXCR/,dbb92dbda3a96232b686aa634b6db084,0ae6392a9ddd527d1b0e02a0415ffecd,3dccea6c9dd83fd33cd4084918120c03,ebbcdc84db62e08398cc8e988334d3a7,cellmask,nan,0,KTR,0,03,0,0,0,0,0,0,0,0,0,0,0,0,0,0,/Users/Joachim/surfdrive/Sergei/KTR-analysis-workflow/Dataset example 20200204 HeLa E2 S1P UK P1 1317 nM s8/processed,/Users/Joachim/surfdrive/Sergei/KTR-analysis-workflow/Dataset example 20200204 HeLa E2 S1P UK P1 1317 nM s8/processed,/Users/Joachim/surfdrive/Sergei/KTR-analysis-workflow/Dataset example 20200204 HeLa E2 S1P UK P1 1317 nM s8/processed,/Users/Joachim/surfdrive/Sergei/KTR-analysis-workflow/Dataset example 20200204 HeLa E2 S1P UK P1 1317 nM s8/processed,Done,255,65535,65535,65535,0,0,0,0,0.5,0.005,0.5,0.005,-6.366472455421363,-13.269971012587089,0.0,0.39758876373034013,101,29,6,6,89,18,14,8,file:/Users/Joachim/surfdrive/Sergei/KTR-analysis-workflow/Dataset%20example%2020200204%20HeLa%20E2%20S1P%20UK%20P1%201317%20nM%20s8/processed/KTR_cellmask_0003.tif,file:/Users/Joachim/surfdrive/Sergei/KTR-analysis-workflow/Dataset%20example%2020200204%20HeLa%20E2%20S1P%20UK%20P1%201317%20nM%20s8/processed/KTR_Cyan-Channel0003.tif,file:/Users/Joachim/surfdrive/Sergei/KTR-analysis-workflow/Dataset%20example%2020200204%20HeLa%20E2%20S1P%20UK%20P1%201317%20nM%20s8/processed/KTR_Green-Channel0003.tif,file:/Users/Joachim/surfdrive/Sergei/KTR-analysis-workflow/Dataset%20example%2020200204%20HeLa%20E2%20S1P%20UK%20P1%201317%20nM%20s8/processed/KTR_nucleus0003.tif,1024,1024,1024,1024
-1,-1,-1,-1,783.0,783.0,783.0,0,0,1.269999999999996,0,1.4600000000000009,0.75,0.19999999999999574,1.5600000000000023,2.6799999999999997,2.0200000000000102,0.09999999999999432,0.0,0.0,0.0,KTR_cellmask_0004.tif,KTR_Cyan-Channel0004.tif,KTR_Green-Channel0004.tif,KTR_nucleus0004.tif,0,0,0,0,4,1,1024,1024,1024,1024,4,eLudHbLcG20aD60kAJ/kMBltGg++6EGf5KB+JI22jak4AkSbPDRax1FvBIhaMQSqj+wA81kkgw==,f0069dd1248c76fcd079c851739d9dbb,7266af9e480e4c2d02ecff4f3de1886c,5bd828623fd645727155036e752515fd,ddbc5ee9d487805e251f0eab588f36a0,cellmask,nan,0,KTR,0,04,0,0,0,0,0,0,0,0,0,0,0,0,0,0,/Users/Joachim/surfdrive/Sergei/KTR-analysis-workflow/Dataset example 20200204 HeLa E2 S1P UK P1 1317 nM s8/processed,/Users/Joachim/surfdrive/Sergei/KTR-analysis-workflow/Dataset example 20200204 HeLa E2 S1P UK P1 1317 nM s8/processed,/Users/Joachim/surfdrive/Sergei/KTR-analysis-workflow/Dataset example 20200204 HeLa E2 S1P UK P1 1317 nM s8/processed,/Users/Joachim/surfdrive/Sergei/KTR-analysis-workflow/Dataset example 20200204 HeLa E2 S1P UK P1 1317 nM s8/processed,Done,255,65535,65535,65535,0,0,0,0,0.5,0.005,0.5,0.005,-6.3662440698280145,-13.270206034303683,0.0,0.3975025909176395,97,22,3,4,89,16,20,13,file:/Users/Joachim/surfdrive/Sergei/KTR-analysis-workflow/Dataset%20example%2020200204%20HeLa%20E2%20S1P%20UK%20P1%201317%20nM%20s8/processed/KTR_cellmask_0004.tif,file:/Users/Joachim/surfdrive/Sergei/KTR-analysis-workflow/Dataset%20example%2020200204%20HeLa%20E2%20S1P%20UK%20P1%201317%20nM%20s8/processed/KTR_Cyan-Channel0004.tif,file:/Users/Joachim/surfdrive/Sergei/KTR-analysis-workflow/Dataset%20example%2020200204%20HeLa%20E2%20S1P%20UK%20P1%201317%20nM%20s8/processed/KTR_Green-Channel0004.tif,file:/Users/Joachim/surfdrive/Sergei/KTR-analysis-workflow/Dataset%20example%2020200204%20HeLa%20E2%20S1P%20UK%20P1%201317%20nM%20s8/processed/KTR_nucleus0004.tif,1024,1024,1024,1024
-1,-1,-1,-1,773.0,772.0,773.0,0,0,0.9599999999999937,0,0.8400000000000034,0.75,0.20000000000000284,1.3899999999999864,2.6299999999999955,2.069999999999993,0.10000000000000853,0.010000000000005116,0.009999999999990905,0.0,KTR_cellmask_0005.tif,KTR_Cyan-Channel0005.tif,KTR_Green-Channel0005.tif,KTR_nucleus0005.tif,0,0,0,0,5,1,1024,1024,1024,1024,5,eLudHbLcG20aD60kAJ/koE3+HG0aU3WSg/qRNNo2puII0GgdN+iiB20EiFoxBKqP7AD+ViSH,d09d48eb15ea935aa57acccbe224c178,c5f667e6a830ba6f36685202993e0fd4,4b74ad6959cb010befdd2088732b858d,e7a037e1ebe2a4db007b9f202b2af5df,cellmask,nan,0,KTR,0,05,0,0,0,0,0,0,0,0,0,0,0,0,0,0,/Users/Joachim/surfdrive/Sergei/KTR-analysis-workflow/Dataset example 20200204 HeLa E2 S1P UK P1 1317 nM s8/processed,/Users/Joachim/surfdrive/Sergei/KTR-analysis-workflow/Dataset example 20200204 HeLa E2 S1P UK P1 1317 nM s8/processed,/Users/Joachim/surfdrive/Sergei/KTR-analysis-workflow/Dataset example 20200204 HeLa E2 S1P UK P1 1317 nM s8/processed,/Users/Joachim/surfdrive/Sergei/KTR-analysis-workflow/Dataset example 20200204 HeLa E2 S1P UK P1 1317 nM s8/processed,Done,255,65535,65535,65535,0,0,0,0,0.5,0.005,0.5,0.005,-6.366273272849593,-13.266232273037105,0.0,0.3950929124839604,94,27,11,6,90,19,16,11,file:/Users/Joachim/surfdrive/Sergei/KTR-analysis-workflow/Dataset%20example%2020200204%20HeLa%20E2%20S1P%20UK%20P1%201317%20nM%20s8/processed/KTR_cellmask_0005.tif,file:/Users/Joachim/surfdrive/Sergei/KTR-analysis-workflow/Dataset%20example%2020200204%20HeLa%20E2%20S1P%20UK%20P1%201317%20nM%20s8/processed/KTR_Cyan-Channel0005.tif,file:/Users/Joachim/surfdrive/Sergei/KTR-analysis-workflow/Dataset%20example%2020200204%20HeLa%20E2%20S1P%20UK%20P1%201317%20nM%20s8/processed/KTR_Green-Channel0005.tif,file:/Users/Joachim/surfdrive/Sergei/KTR-analysis-workflow/Dataset%20example%2020200204%20HeLa%20E2%20S1P%20UK%20P1%201317%20nM%20s8/processed/KTR_nucleus0005.tif,1024,1024,1024,1024
-1,-1,-1,-1,767.0,767.0,767.0,0,0,0.8100000000000023,0,0.8399999999999892,0.7600000000000051,0.18999999999999773,1.4300000000000068,2.8400000000000034,2.009999999999991,0.12000000000000455,0.0,0.0,0.0,KTR_cellmask_0006.tif,KTR_Cyan-Channel0006.tif,KTR_Green-Channel0006.tif,KTR_nucleus0006.tif,0,0,0,0,6,1,1024,1024,1024,1024,6,eLudHbLcG20aD60kAJ/kMBttGg++6EGf5KB+JI22jak4AkSbPDRax1FvBIhaMQSqj+wACWIkiw==,86bec45a385c310f0a7111900b6e4c51,549599b55a87842e1c75ad86a872ed22,b1d5ecb8b8c051d3e9f1acd80aa13ee1,9a00b480ca23818585d5a0b3b8a621a1,cellmask,nan,0,KTR,0,06,0,0,0,0,0,0,0,0,0,0,0,0,0,0,/Users/Joachim/surfdrive/Sergei/KTR-analysis-workflow/Dataset example 20200204 HeLa E2 S1P UK P1 1317 nM s8/processed,/Users/Joachim/surfdrive/Sergei/KTR-analysis-workflow/Dataset example 20200204 HeLa E2 S1P UK P1 1317 nM s8/processed,/Users/Joachim/surfdrive/Sergei/KTR-analysis-workflow/Dataset example 20200204 HeLa E2 S1P UK P1 1317 nM s8/processed,/Users/Joachim/surfdrive/Sergei/KTR-analysis-workflow/Dataset example 20200204 HeLa E2 S1P UK P1 1317 nM s8/processed,Done,255,65535,65535,65535,0,0,0,0,0.5,0.005,0.5,0.005,-6.366318660501421,-13.271596921411444,0.0,0.39638849378812324,99,26,10,7,97,22,16,10,file:/Users/Joachim/surfdrive/Sergei/KTR-analysis-workflow/Dataset%20example%2020200204%20HeLa%20E2%20S1P%20UK%20P1%201317%20nM%20s8/processed/KTR_cellmask_0006.tif,file:/Users/Joachim/surfdrive/Sergei/KTR-analysis-workflow/Dataset%20example%2020200204%20HeLa%20E2%20S1P%20UK%20P1%201317%20nM%20s8/processed/KTR_Cyan-Channel0006.tif,file:/Users/Joachim/surfdrive/Sergei/KTR-analysis-workflow/Dataset%20example%2020200204%20HeLa%20E2%20S1P%20UK%20P1%201317%20nM%20s8/processed/KTR_Green-Channel0006.tif,file:/Users/Joachim/surfdrive/Sergei/KTR-analysis-workflow/Dataset%20example%2020200204%20HeLa%20E2%20S1P%20UK%20P1%201317%20nM%20s8/processed/KTR_nucleus0006.tif,1024,1024,1024,1024
-1,-1,-1,-1,775.0,775.0,775.0,0,0,0.5300000000000011,0,0.8799999999999955,0.769999999999996,0.1799999999999926,1.4000000000000057,2.700000000000003,2.019999999999996,0.10999999999999943,0.010000000000005116,0.009999999999990905,0.0,KTR_cellmask_0007.tif,KTR_Cyan-Channel0007.tif,KTR_Green-Channel0007.tif,KTR_nucleus0007.tif,0,0,0,0,7,1,1024,1024,1024,1024,7,eLudHbLcG20aD60kAJ/koE3vdbRpTNVJDupH0mjbeHQEaDhHD41GgED1kR0AFF8kjw==,8cd54ce7cd09aebf53781163dbbea3e1,33c0b3ecad7a8f6ae36e9717af865ef9,2654c8425ffe908dd1b78fe0ee925dc0,874c2fafa7a6cb8d70767cf424d0f217,cellmask,nan,0,KTR,0,07,0,0,0,0,0,0,0,0,0,0,0,0,0,0,/Users/Joachim/surfdrive/Sergei/KTR-analysis-workflow/Dataset example 20200204 HeLa E2 S1P UK P1 1317 nM s8/processed,/Users/Joachim/surfdrive/Sergei/KTR-analysis-workflow/Dataset example 20200204 HeLa E2 S1P UK P1 1317 nM s8/processed,/Users/Joachim/surfdrive/Sergei/KTR-analysis-workflow/Dataset example 20200204 HeLa E2 S1P UK P1 1317 nM s8/processed,/Users/Joachim/surfdrive/Sergei/KTR-analysis-workflow/Dataset example 20200204 HeLa E2 S1P UK P1 1317 nM s8/processed,Done,255,65535,65535,65535,0,0,0,0,0.5,0.005,0.5,0.005,-6.366434488036447,-13.25707167681885,0.0,0.36097413138352863,94,21,8,2,104,28,17,11,file:/Users/Joachim/surfdrive/Sergei/KTR-analysis-workflow/Dataset%20example%2020200204%20HeLa%20E2%20S1P%20UK%20P1%201317%20nM%20s8/processed/KTR_cellmask_0007.tif,file:/Users/Joachim/surfdrive/Sergei/KTR-analysis-workflow/Dataset%20example%2020200204%20HeLa%20E2%20S1P%20UK%20P1%201317%20nM%20s8/processed/KTR_Cyan-Channel0007.tif,file:/Users/Joachim/surfdrive/Sergei/KTR-analysis-workflow/Dataset%20example%2020200204%20HeLa%20E2%20S1P%20UK%20P1%201317%20nM%20s8/processed/KTR_Green-Channel0007.tif,file:/Users/Joachim/surfdrive/Sergei/KTR-analysis-workflow/Dataset%20example%2020200204%20HeLa%20E2%20S1P%20UK%20P1%201317%20nM%20s8/processed/KTR_nucleus0007.tif,1024,1024,1024,1024
-1,-1,-1,-1,771.0,768.0,771.0,0,0,0.8399999999999892,0,0.8599999999999994,0.7900000000000063,0.20999999999999375,1.5300000000000011,2.6300000000000097,2.0,0.10000000000000853,0.009999999999990905,0.010000000000005116,0.010000000000005116,KTR_cellmask_0008.tif,KTR_Cyan-Channel0008.tif,KTR_Green-Channel0008.tif,KTR_nucleus0008.tif,0,0,0,0,8,1,1024,1024,1024,1024,8,eLudHbLcG20aD60kAJ/ksBhtGg++6EGf5KB+JI22jak4AkSbPDRax1FvBIhaMQSqj+wAH1wkkw==,f5d368bb0c2813ac29a67bc252981ec7,4a84ff1ce5cf9fbf4f8d1be7a407e9bd,b01b4d09237e2edf1bc40719ec7476e6,b7463f1266a2882ae86f7c61771da6a0,cellmask,nan,0,KTR,0,08,0,0,0,0,0,0,0,0,0,0,0,0,0,0,/Users/Joachim/surfdrive/Sergei/KTR-analysis-workflow/Dataset example 20200204 HeLa E2 S1P UK P1 1317 nM s8/processed,/Users/Joachim/surfdrive/Sergei/KTR-analysis-workflow/Dataset example 20200204 HeLa E2 S1P UK P1 1317 nM s8/processed,/Users/Joachim/surfdrive/Sergei/KTR-analysis-workflow/Dataset example 20200204 HeLa E2 S1P UK P1 1317 nM s8/processed,/Users/Joachim/surfdrive/Sergei/KTR-analysis-workflow/Dataset example 20200204 HeLa E2 S1P UK P1 1317 nM s8/processed,Done,255,65535,65535,65535,0,0,0,0,0.5,0.005,0.5,0.005,-6.3663843933848305,-13.26059228381007,0.0,0.37296368229792165,128,39,13,8,117,36,26,11,file:/Users/Joachim/surfdrive/Sergei/KTR-analysis-workflow/Dataset%20example%2020200204%20HeLa%20E2%20S1P%20UK%20P1%201317%20nM%20s8/processed/KTR_cellmask_0008.tif,file:/Users/Joachim/surfdrive/Sergei/KTR-analysis-workflow/Dataset%20example%2020200204%20HeLa%20E2%20S1P%20UK%20P1%201317%20nM%20s8/processed/KTR_Cyan-Channel0008.tif,file:/Users/Joachim/surfdrive/Sergei/KTR-analysis-workflow/Dataset%20example%2020200204%20HeLa%20E2%20S1P%20UK%20P1%201317%20nM%20s8/processed/KTR_Green-Channel0008.tif,file:/Users/Joachim/surfdrive/Sergei/KTR-analysis-workflow/Dataset%20example%2020200204%20HeLa%20E2%20S1P%20UK%20P1%201317%20nM%20s8/processed/KTR_nucleus0008.tif,1024,1024,1024,1024
-1,-1,-1,-1,764.0,762.0,764.0,0,0,0.6799999999999926,0,0.8599999999999994,0.8299999999999983,0.20000000000000284,1.4699999999999989,2.6599999999999966,1.9899999999999949,0.11000000000001364,0.009999999999990905,0.0,0.0,KTR_cellmask_0009.tif,KTR_Cyan-Channel0009.tif,KTR_Green-Channel0009.tif,KTR_nucleus0009.tif,0,0,0,0,9,1,1024,1024,1024,1024,9,eLudHbLcG20aD60kAJ/koE1RP9o0puokB/UjabRtTMURINrkodE6jnojQNSKIVB9ZAcAKlkklw==,2e5bf59eac4fa59fc0ba43fb0e66d051,4588ca93a0a72bdd76707eb1d60ce043,e9ddbfde3f647f02c77a242998aa7929,f717c928ae90a060a5f8893542c1fea9,cellmask,nan,0,KTR,0,09,0,0,0,0,0,0,0,0,0,0,0,0,0,0,/Users/Joachim/surfdrive/Sergei/KTR-analysis-workflow/Dataset example 20200204 HeLa E2 S1P UK P1 1317 nM s8/processed,/Users/Joachim/surfdrive/Sergei/KTR-analysis-workflow/Dataset example 20200204 HeLa E2 S1P UK P1 1317 nM s8/processed,/Users/Joachim/surfdrive/Sergei/KTR-analysis-workflow/Dataset example 20200204 HeLa E2 S1P UK P1 1317 nM s8/processed,/Users/Joachim/surfdrive/Sergei/KTR-analysis-workflow/Dataset example 20200204 HeLa E2 S1P UK P1 1317 nM s8/processed,Done,255,65535,65535,65535,0,0,0,0,0.5,0.005,0.5,0.005,-6.357553141211869,-13.262060572502389,0.0,0.3871191463768753,123,30,10,3,114,20,31,14,file:/Users/Joachim/surfdrive/Sergei/KTR-analysis-workflow/Dataset%20example%2020200204%20HeLa%20E2%20S1P%20UK%20P1%201317%20nM%20s8/processed/KTR_cellmask_0009.tif,file:/Users/Joachim/surfdrive/Sergei/KTR-analysis-workflow/Dataset%20example%2020200204%20HeLa%20E2%20S1P%20UK%20P1%201317%20nM%20s8/processed/KTR_Cyan-Channel0009.tif,file:/Users/Joachim/surfdrive/Sergei/KTR-analysis-workflow/Dataset%20example%2020200204%20HeLa%20E2%20S1P%20UK%20P1%201317%20nM%20s8/processed/KTR_Green-Channel0009.tif,file:/Users/Joachim/surfdrive/Sergei/KTR-analysis-workflow/Dataset%20example%2020200204%20HeLa%20E2%20S1P%20UK%20P1%201317%20nM%20s8/processed/KTR_nucleus0009.tif,1024,1024,1024,1024
-1,-1,-1,-1,753.0,751.0,753.0,0,0,0.5199999999999818,0,0.8700000000000045,0.8300000000000125,0.20000000000000284,1.5,2.6500000000000057,2.1299999999999955,0.12000000000000455,0.009999999999990905,0.009999999999990905,0.0,KTR_cellmask_0010.tif,KTR_Cyan-Channel0010.tif,KTR_Green-Channel0010.tif,KTR_nucleus0010.tif,0,0,0,0,10,1,1024,1024,1024,1024,10,eLudHbLcG20aD60kAG8aj47/DMLoQW8aj44ADbooQm4b0yYPjdZx1GsbUyuGQPWRHQDSZiR3,23e392b8f9324e3eb92356bacf6c578e,fa7bfdad498b2649cfdfb685b1f09a38,f3e56fc9fa6f42f3c4cee8f43ebdc555,61368e8de0a309eb101195c828dc7db0,cellmask,nan,0,KTR,0,10,0,0,0,0,0,0,0,0,0,0,0,0,0,0,/Users/Joachim/surfdrive/Sergei/KTR-analysis-workflow/Dataset example 20200204 HeLa E2 S1P UK P1 1317 nM s8/processed,/Users/Joachim/surfdrive/Sergei/KTR-analysis-workflow/Dataset example 20200204 HeLa E2 S1P UK P1 1317 nM s8/processed,/Users/Joachim/surfdrive/Sergei/KTR-analysis-workflow/Dataset example 20200204 HeLa E2 S1P UK P1 1317 nM s8/processed,/Users/Joachim/surfdrive/Sergei/KTR-analysis-workflow/Dataset example 20200204 HeLa E2 S1P UK P1 1317 nM s8/processed,Done,255,65535,65535,65535,0,0,0,0,0.5,0.005,0.5,0.005,-6.357428858775894,-13.265758721259626,0.0,0.39274154565111985,129,25,19,5,132,18,24,13,file:/Users/Joachim/surfdrive/Sergei/KTR-analysis-workflow/Dataset%20example%2020200204%20HeLa%20E2%20S1P%20UK%20P1%201317%20nM%20s8/processed/KTR_cellmask_0010.tif,file:/Users/Joachim/surfdrive/Sergei/KTR-analysis-workflow/Dataset%20example%2020200204%20HeLa%20E2%20S1P%20UK%20P1%201317%20nM%20s8/processed/KTR_Cyan-Channel0010.tif,file:/Users/Joachim/surfdrive/Sergei/KTR-analysis-workflow/Dataset%20example%2020200204%20HeLa%20E2%20S1P%20UK%20P1%201317%20nM%20s8/processed/KTR_Green-Channel0010.tif,file:/Users/Joachim/surfdrive/Sergei/KTR-analysis-workflow/Dataset%20example%2020200204%20HeLa%20E2%20S1P%20UK%20P1%201317%20nM%20s8/processed/KTR_nucleus0010.tif,1024,1024,1024,1024
-1,-1,-1,-1,753.0,753.0,753.0,0,0,0.46999999999999886,0,0.8700000000000045,0.8899999999999864,0.19999999999998863,1.5100000000000193,2.6799999999999926,1.9700000000000273,0.0999999999999659,0.010000000000019327,0.030000000000001137,0.0,KTR_cellmask_0011.tif,KTR_Cyan-Channel0011.tif,KTR_Green-Channel0011.tif,KTR_nucleus0011.tif,0,0,0,0,11,1,1024,1024,1024,1024,11,eLudHbLcG20aD60kAG8aj05yDMLoQW8aj7aNB10UIbeNR2c5Bl30oLWNqRVDoPrIDgDdYyR7,c9b86ece3c21df2e600a3176ab611d77,b0dd56fa5e18e4b07b76e3eeaafe96f2,909a77e6ab944d08a8d6eb7a9eb9e0ec,c4665d81e9f52b35dc1877ba91321624,cellmask,nan,0,KTR,0,11,0,0,0,0,0,0,0,0,0,0,0,0,0,0,/Users/Joachim/surfdrive/Sergei/KTR-analysis-workflow/Dataset example 20200204 HeLa E2 S1P UK P1 1317 nM s8/processed,/Users/Joachim/surfdrive/Sergei/KTR-analysis-workflow/Dataset example 20200204 HeLa E2 S1P UK P1 1317 nM s8/processed,/Users/Joachim/surfdrive/Sergei/KTR-analysis-workflow/Dataset example 20200204 HeLa E2 S1P UK P1 1317 nM s8/processed,/Users/Joachim/surfdrive/Sergei/KTR-analysis-workflow/Dataset example 20200204 HeLa E2 S1P UK P1 1317 nM s8/processed,Done,255,65535,65535,65535,0,0,0,0,0.5,0.005,0.5,0.005,-6.357634095489727,-13.268487885164483,0.0,0.401173788732649,136,19,12,4,140,21,25,10,file:/Users/Joachim/surfdrive/Sergei/KTR-analysis-workflow/Dataset%20example%2020200204%20HeLa%20E2%20S1P%20UK%20P1%201317%20nM%20s8/processed/KTR_cellmask_0011.tif,file:/Users/Joachim/surfdrive/Sergei/KTR-analysis-workflow/Dataset%20example%2020200204%20HeLa%20E2%20S1P%20UK%20P1%201317%20nM%20s8/processed/KTR_Cyan-Channel0011.tif,file:/Users/Joachim/surfdrive/Sergei/KTR-analysis-workflow/Dataset%20example%2020200204%20HeLa%20E2%20S1P%20UK%20P1%201317%20nM%20s8/processed/KTR_Green-Channel0011.tif,file:/Users/Joachim/surfdrive/Sergei/KTR-analysis-workflow/Dataset%20example%2020200204%20HeLa%20E2%20S1P%20UK%20P1%201317%20nM%20s8/processed/KTR_nucleus0011.tif,1024,1024,1024,1024
-1,-1,-1,-1,736.0,735.0,736.0,0,0,0.660000000000025,0,1.289999999999992,0.8600000000000136,0.20000000000001705,1.4599999999999795,2.660000000000025,2.009999999999991,0.11000000000001364,0.0,0.0,0.0,KTR_cellmask_0012.tif,KTR_Cyan-Channel0012.tif,KTR_Green-Channel0012.tif,KTR_nucleus0012.tif,0,0,0,0,12,1,1024,1024,1024,1024,12,eLudHbLcG20aD60kAG8aG402jQdf9KA3jakfSaNtYyq2jWmTh0brOOq1jakVQ6D6yA4A6GAkfw==,e6de089cba3fad0e212a19c135878b2d,0e0e7d7034703ebae42c90023b2eb627,ada4a9a820b192e6d990880a35fa01df,e6d94f8938286d337d64f2cca10d9983,cellmask,nan,0,KTR,0,12,0,0,0,0,0,0,0,0,0,0,0,0,0,0,/Users/Joachim/surfdrive/Sergei/KTR-analysis-workflow/Dataset example 20200204 HeLa E2 S1P UK P1 1317 nM s8/processed,/Users/Joachim/surfdrive/Sergei/KTR-analysis-workflow/Dataset example 20200204 HeLa E2 S1P UK P1 1317 nM s8/processed,/Users/Joachim/surfdrive/Sergei/KTR-analysis-workflow/Dataset example 20200204 HeLa E2 S1P UK P1 1317 nM s8/processed,/Users/Joachim/surfdrive/Sergei/KTR-analysis-workflow/Dataset example 20200204 HeLa E2 S1P UK P1 1317 nM s8/processed,Done,255,65535,65535,65535,0,0,0,0,0.5,0.005,0.5,0.005,-6.357347210728298,-13.267906959165323,0.0,0.4000871880277259,152,34,6,1,129,12,29,15,file:/Users/Joachim/surfdrive/Sergei/KTR-analysis-workflow/Dataset%20example%2020200204%20HeLa%20E2%20S1P%20UK%20P1%201317%20nM%20s8/processed/KTR_cellmask_0012.tif,file:/Users/Joachim/surfdrive/Sergei/KTR-analysis-workflow/Dataset%20example%2020200204%20HeLa%20E2%20S1P%20UK%20P1%201317%20nM%20s8/processed/KTR_Cyan-Channel0012.tif,file:/Users/Joachim/surfdrive/Sergei/KTR-analysis-workflow/Dataset%20example%2020200204%20HeLa%20E2%20S1P%20UK%20P1%201317%20nM%20s8/processed/KTR_Green-Channel0012.tif,file:/Users/Joachim/surfdrive/Sergei/KTR-analysis-workflow/Dataset%20example%2020200204%20HeLa%20E2%20S1P%20UK%20P1%201317%20nM%20s8/processed/KTR_nucleus0012.tif,1024,1024,1024,1024
-1,-1,-1,-1,721.0,720.0,721.0,0,0,0.660000000000025,0,0.9300000000000068,0.8299999999999841,0.19999999999998863,1.4300000000000068,2.6699999999999875,1.9099999999999966,0.0999999999999659,0.010000000000047748,0.009999999999990905,0.0,KTR_cellmask_0013.tif,KTR_Cyan-Channel0013.tif,KTR_Green-Channel0013.tif,KTR_nucleus0013.tif,0,0,0,0,13,1,1024,1024,1024,1024,13,eLudHbLcG20aD60kMNo0HszRg940pn4kjbaNR9vGwzl6aNQ2BtVHdgDzXSSD,a7b6a222d676f3dfcb050999e3212730,ce6c2e4c51965c9cb1c3026e4e51c7fe,fdba5089ff322c7d05591125c567e690,a7d4003057b3b0726945fa076fb8f47f,cellmask,nan,0,KTR,0,13,0,0,0,0,0,0,0,0,0,0,0,0,0,0,/Users/Joachim/surfdrive/Sergei/KTR-analysis-workflow/Dataset example 20200204 HeLa E2 S1P UK P1 1317 nM s8/processed,/Users/Joachim/surfdrive/Sergei/KTR-analysis-workflow/Dataset example 20200204 HeLa E2 S1P UK P1 1317 nM s8/processed,/Users/Joachim/surfdrive/Sergei/KTR-analysis-workflow/Dataset example 20200204 HeLa E2 S1P UK P1 1317 nM s8/processed,/Users/Joachim/surfdrive/Sergei/KTR-analysis-workflow/Dataset example 20200204 HeLa E2 S1P UK P1 1317 nM s8/processed,Done,255,65535,65535,65535,0,0,0,0,0.5,0.005,0.5,0.005,-6.357680343349362,-13.324082603123133,0.0,0.40098158475890955,144,26,13,6,140,17,21,8,file:/Users/Joachim/surfdrive/Sergei/KTR-analysis-workflow/Dataset%20example%2020200204%20HeLa%20E2%20S1P%20UK%20P1%201317%20nM%20s8/processed/KTR_cellmask_0013.tif,file:/Users/Joachim/surfdrive/Sergei/KTR-analysis-workflow/Dataset%20example%2020200204%20HeLa%20E2%20S1P%20UK%20P1%201317%20nM%20s8/processed/KTR_Cyan-Channel0013.tif,file:/Users/Joachim/surfdrive/Sergei/KTR-analysis-workflow/Dataset%20example%2020200204%20HeLa%20E2%20S1P%20UK%20P1%201317%20nM%20s8/processed/KTR_Green-Channel0013.tif,file:/Users/Joachim/surfdrive/Sergei/KTR-analysis-workflow/Dataset%20example%2020200204%20HeLa%20E2%20S1P%20UK%20P1%201317%20nM%20s8/processed/KTR_nucleus0013.tif,1024,1024,1024,1024
-1,-1,-1,-1,725.0,724.0,725.0,0,0,0.5099999999999909,0,1.009999999999991,0.839999999999975,0.18999999999999773,1.4399999999999977,2.6299999999999955,1.9599999999999795,0.10000000000002274,0.009999999999990905,0.009999999999990905,0.0,KTR_cellmask_0014.tif,KTR_Cyan-Channel0014.tif,KTR_Green-Channel0014.tif,KTR_nucleus0014.tif,0,0,0,0,14,1,1024,1024,1024,1024,14,eLudHbLcG20aD60kAG8am4w2jQdf9KA3jakfSaNtYyq2jWmTh0brOOq1jakVQ6D6yA4A/lokhw==,20f50cec194ba59773791a1ed10ceb9d,9a1024fd7ebca79d1cb3803ad811c2db,2fe8b710d19acd32a6320c719b82716c,9a121b8c431109fe3eaba77b95fc3c31,cellmask,nan,0,KTR,0,14,0,0,0,0,0,0,0,0,0,0,0,0,0,0,/Users/Joachim/surfdrive/Sergei/KTR-analysis-workflow/Dataset example 20200204 HeLa E2 S1P UK P1 1317 nM s8/processed,/Users/Joachim/surfdrive/Sergei/KTR-analysis-workflow/Dataset example 20200204 HeLa E2 S1P UK P1 1317 nM s8/processed,/Users/Joachim/surfdrive/Sergei/KTR-analysis-workflow/Dataset example 20200204 HeLa E2 S1P UK P1 1317 nM s8/processed,/Users/Joachim/surfdrive/Sergei/KTR-analysis-workflow/Dataset example 20200204 HeLa E2 S1P UK P1 1317 nM s8/processed,Done,255,65535,65535,65535,0,0,0,0,0.5,0.005,0.5,0.005,-6.3576470990750416,-13.324355190051048,0.0,0.40590507393633857,148,29,10,1,147,28,26,13,file:/Users/Joachim/surfdrive/Sergei/KTR-analysis-workflow/Dataset%20example%2020200204%20HeLa%20E2%20S1P%20UK%20P1%201317%20nM%20s8/processed/KTR_cellmask_0014.tif,file:/Users/Joachim/surfdrive/Sergei/KTR-analysis-workflow/Dataset%20example%2020200204%20HeLa%20E2%20S1P%20UK%20P1%201317%20nM%20s8/processed/KTR_Cyan-Channel0014.tif,file:/Users/Joachim/surfdrive/Sergei/KTR-analysis-workflow/Dataset%20example%2020200204%20HeLa%20E2%20S1P%20UK%20P1%201317%20nM%20s8/processed/KTR_Green-Channel0014.tif,file:/Users/Joachim/surfdrive/Sergei/KTR-analysis-workflow/Dataset%20example%2020200204%20HeLa%20E2%20S1P%20UK%20P1%201317%20nM%20s8/processed/KTR_nucleus0014.tif,1024,1024,1024,1024
-1,-1,-1,-1,713.0,711.0,713.0,0,0,0.39999999999997726,0,0.8500000000000227,0.8199999999999932,0.19999999999998863,1.410000000000025,2.6200000000000045,1.8799999999999955,0.11000000000001364,0.009999999999990905,0.009999999999990905,0.0,KTR_cellmask_0015.tif,KTR_Cyan-Channel0015.tif,KTR_Green-Channel0015.tif,KTR_nucleus0015.tif,0,0,0,0,15,1,1024,1024,1024,1024,15,eLudHbLcG20aD60kAG8a0yZ/jjaNqdo0pn4kjbaNqdg2Hq3jBl30oLWNqRVDoPrIDgAJZiSL,9bfdb8c383635ba52fd5bc628ae29401,fb3dcbbf757cb40260efc3cc0b36d387,a3239374f196b2172f977daade5d2836,5ac618aa7f473f73e42f655fd0caf7b1,cellmask,nan,0,KTR,0,15,0,0,0,0,0,0,0,0,0,0,0,0,0,0,/Users/Joachim/surfdrive/Sergei/KTR-analysis-workflow/Dataset example 20200204 HeLa E2 S1P UK P1 1317 nM s8/processed,/Users/Joachim/surfdrive/Sergei/KTR-analysis-workflow/Dataset example 20200204 HeLa E2 S1P UK P1 1317 nM s8/processed,/Users/Joachim/surfdrive/Sergei/KTR-analysis-workflow/Dataset example 20200204 HeLa E2 S1P UK P1 1317 nM s8/processed,/Users/Joachim/surfdrive/Sergei/KTR-analysis-workflow/Dataset example 20200204 HeLa E2 S1P UK P1 1317 nM s8/processed,Done,255,65535,65535,65535,0,0,0,0,0.5,0.005,0.5,0.005,-6.357551135609324,-13.324639234272242,0.0,0.41139769046830565,141,30,14,5,134,22,25,8,file:/Users/Joachim/surfdrive/Sergei/KTR-analysis-workflow/Dataset%20example%2020200204%20HeLa%20E2%20S1P%20UK%20P1%201317%20nM%20s8/processed/KTR_cellmask_0015.tif,file:/Users/Joachim/surfdrive/Sergei/KTR-analysis-workflow/Dataset%20example%2020200204%20HeLa%20E2%20S1P%20UK%20P1%201317%20nM%20s8/processed/KTR_Cyan-Channel0015.tif,file:/Users/Joachim/surfdrive/Sergei/KTR-analysis-workflow/Dataset%20example%2020200204%20HeLa%20E2%20S1P%20UK%20P1%201317%20nM%20s8/processed/KTR_Green-Channel0015.tif,file:/Users/Joachim/surfdrive/Sergei/KTR-analysis-workflow/Dataset%20example%2020200204%20HeLa%20E2%20S1P%20UK%20P1%201317%20nM%20s8/processed/KTR_nucleus0015.tif,1024,1024,1024,1024
-1,-1,-1,-1,719.0,717.0,719.0,0,0,0.4500000000000455,0,0.8500000000000227,0.8299999999999841,0.18999999999999773,1.419999999999959,2.6100000000000136,1.8700000000000045,0.18999999999999773,0.0,0.0,0.010000000000047748,KTR_cellmask_0016.tif,KTR_Cyan-Channel0016.tif,KTR_Green-Channel0016.tif,KTR_nucleus0016.tif,0,0,0,0,16,1,1024,1024,1024,1024,16,eLudHbLcG20aD60kAG8am402jQdf9KA3jakfSaNtYyq2jWmTh0brOOq1jakVQ6D6yA4AFGMkjw==,93d5be0a6fd54da4ff55b497d1f3b1a5,873b889b8cb7572db107e86667512ca0,a3bbac64c6044d01b5c5e2c9bb122aa5,56216b3bdfed6517fce5cdb0d4a4a1f7,cellmask,nan,0,KTR,0,16,0,0,0,0,0,0,0,0,0,0,0,0,0,0,/Users/Joachim/surfdrive/Sergei/KTR-analysis-workflow/Dataset example 20200204 HeLa E2 S1P UK P1 1317 nM s8/processed,/Users/Joachim/surfdrive/Sergei/KTR-analysis-workflow/Dataset example 20200204 HeLa E2 S1P UK P1 1317 nM s8/processed,/Users/Joachim/surfdrive/Sergei/KTR-analysis-workflow/Dataset example 20200204 HeLa E2 S1P UK P1 1317 nM s8/processed,/Users/Joachim/surfdrive/Sergei/KTR-analysis-workflow/Dataset example 20200204 HeLa E2 S1P UK P1 1317 nM s8/processed,Done,255,65535,65535,65535,0,0,0,0,0.5,0.005,0.5,0.005,-6.357763263268687,-13.325292007132509,0.0,0.40949554306791924,134,17,7,1,134,19,32,12,file:/Users/Joachim/surfdrive/Sergei/KTR-analysis-workflow/Dataset%20example%2020200204%20HeLa%20E2%20S1P%20UK%20P1%201317%20nM%20s8/processed/KTR_cellmask_0016.tif,file:/Users/Joachim/surfdrive/Sergei/KTR-analysis-workflow/Dataset%20example%2020200204%20HeLa%20E2%20S1P%20UK%20P1%201317%20nM%20s8/processed/KTR_Cyan-Channel0016.tif,file:/Users/Joachim/surfdrive/Sergei/KTR-analysis-workflow/Dataset%20example%2020200204%20HeLa%20E2%20S1P%20UK%20P1%201317%20nM%20s8/processed/KTR_Green-Channel0016.tif,file:/Users/Joachim/surfdrive/Sergei/KTR-analysis-workflow/Dataset%20example%2020200204%20HeLa%20E2%20S1P%20UK%20P1%201317%20nM%20s8/processed/KTR_nucleus0016.tif,1024,1024,1024,1024
-1,-1,-1,-1,702.0,701.0,702.0,0,0,0.5500000000000114,0,0.8600000000000136,0.8199999999999932,0.18999999999999773,1.420000000000016,2.599999999999966,1.8799999999999955,0.10000000000002274,0.009999999999990905,0.009999999999990905,0.0,KTR_cellmask_0017.tif,KTR_Cyan-Channel0017.tif,KTR_Green-Channel0017.tif,KTR_nucleus0017.tif,0,0,0,0,17,1,1024,1024,1024,1024,17,eLudHbLcG20aD60kAG8a06b3Oto0pmrTmPqRNNo2pmLbeHQEaNBFD1rbmFoxBKqP7AAfYCST,44ed3b7f27568f5f8a726770bb2c2ce0,5e25b4d0c2558ac2945dc21da2ee8b29,f2724ec8b6ac9348efd76bb7d171038c,a9ca2c240e321207aec1a8448bd0e202,cellmask,nan,0,KTR,0,17,0,0,0,0,0,0,0,0,0,0,0,0,0,0,/Users/Joachim/surfdrive/Sergei/KTR-analysis-workflow/Dataset example 20200204 HeLa E2 S1P UK P1 1317 nM s8/processed,/Users/Joachim/surfdrive/Sergei/KTR-analysis-workflow/Dataset example 20200204 HeLa E2 S1P UK P1 1317 nM s8/processed,/Users/Joachim/surfdrive/Sergei/KTR-analysis-workflow/Dataset example 20200204 HeLa E2 S1P UK P1 1317 nM s8/processed,/Users/Joachim/surfdrive/Sergei/KTR-analysis-workflow/Dataset example 20200204 HeLa E2 S1P UK P1 1317 nM s8/processed,Done,255,65535,65535,65535,0,0,0,0,0.5,0.005,0.5,0.005,-6.357427401510588,-13.325427743835434,0.0,0.41356872154941016,139,25,15,4,132,10,27,10,file:/Users/Joachim/surfdrive/Sergei/KTR-analysis-workflow/Dataset%20example%2020200204%20HeLa%20E2%20S1P%20UK%20P1%201317%20nM%20s8/processed/KTR_cellmask_0017.tif,file:/Users/Joachim/surfdrive/Sergei/KTR-analysis-workflow/Dataset%20example%2020200204%20HeLa%20E2%20S1P%20UK%20P1%201317%20nM%20s8/processed/KTR_Cyan-Channel0017.tif,file:/Users/Joachim/surfdrive/Sergei/KTR-analysis-workflow/Dataset%20example%2020200204%20HeLa%20E2%20S1P%20UK%20P1%201317%20nM%20s8/processed/KTR_Green-Channel0017.tif,file:/Users/Joachim/surfdrive/Sergei/KTR-analysis-workflow/Dataset%20example%2020200204%20HeLa%20E2%20S1P%20UK%20P1%201317%20nM%20s8/processed/KTR_nucleus0017.tif,1024,1024,1024,1024
-1,-1,-1,-1,716.0,715.0,716.0,0,0,0.4300000000000068,0,0.8500000000000227,0.8500000000000227,0.18999999999994088,1.4400000000000546,2.609999999999957,1.8699999999999477,0.10000000000002274,0.010000000000047748,0.009999999999990905,0.0,KTR_cellmask_0018.tif,KTR_Cyan-Channel0018.tif,KTR_Green-Channel0018.tif,KTR_nucleus0018.tif,0,0,0,0,18,1,1024,1024,1024,1024,18,eLudHbLcG20aD60kAG8aW4w2jQdf9KA3jakfSaNtYyq2jWmTh0brOOq1jakVQ6D6yA4AKl0klw==,9ea6274e1f1ee6835ec5571f42ddfe11,771128bccf58fbd68195907b951a2036,887e5ee1374fab7875230316c97b2987,f97e41b8e4e7bfaa7259ebcc1f21b739,cellmask,nan,0,KTR,0,18,0,0,0,0,0,0,0,0,0,0,0,0,0,0,/Users/Joachim/surfdrive/Sergei/KTR-analysis-workflow/Dataset example 20200204 HeLa E2 S1P UK P1 1317 nM s8/processed,/Users/Joachim/surfdrive/Sergei/KTR-analysis-workflow/Dataset example 20200204 HeLa E2 S1P UK P1 1317 nM s8/processed,/Users/Joachim/surfdrive/Sergei/KTR-analysis-workflow/Dataset example 20200204 HeLa E2 S1P UK P1 1317 nM s8/processed,/Users/Joachim/surfdrive/Sergei/KTR-analysis-workflow/Dataset example 20200204 HeLa E2 S1P UK P1 1317 nM s8/processed,Done,255,65535,65535,65535,0,0,0,0,0.5,0.005,0.5,0.005,-6.35738137230124,-13.326890198355756,0.0,0.4114240937306306,131,18,8,2,142,31,29,11,file:/Users/Joachim/surfdrive/Sergei/KTR-analysis-workflow/Dataset%20example%2020200204%20HeLa%20E2%20S1P%20UK%20P1%201317%20nM%20s8/processed/KTR_cellmask_0018.tif,file:/Users/Joachim/surfdrive/Sergei/KTR-analysis-workflow/Dataset%20example%2020200204%20HeLa%20E2%20S1P%20UK%20P1%201317%20nM%20s8/processed/KTR_Cyan-Channel0018.tif,file:/Users/Joachim/surfdrive/Sergei/KTR-analysis-workflow/Dataset%20example%2020200204%20HeLa%20E2%20S1P%20UK%20P1%201317%20nM%20s8/processed/KTR_Green-Channel0018.tif,file:/Users/Joachim/surfdrive/Sergei/KTR-analysis-workflow/Dataset%20example%2020200204%20HeLa%20E2%20S1P%20UK%20P1%201317%20nM%20s8/processed/KTR_nucleus0018.tif,1024,1024,1024,1024
-1,-1,-1,-1,703.0,702.0,703.0,0,0,0.5399999999999636,0,0.8600000000000136,0.82000000000005,0.18999999999994088,1.400000000000034,2.589999999999975,1.9300000000000068,0.10000000000002274,0.009999999999990905,0.009999999999990905,0.0,KTR_cellmask_0019.tif,KTR_Cyan-Channel0019.tif,KTR_Green-Channel0019.tif,KTR_nucleus0019.tif,0,0,0,0,19,1,1024,1024,1024,1024,19,eLudHbLcG20aD60kAG8a06aoH20aU7VpTP1IGm0bU7FtTJs8NFrHUa9tTK0YAtVHdgA1WiSb,cda9bb086ff89e184365e3cf03e875af,4189f43ae3de2e4e5a233949cb4ccc0d,be3fa25f68677cdac2223e8e15f88073,61b6a1834cf370cdf31d0bec224c3df1,cellmask,nan,0,KTR,0,19,0,0,0,0,0,0,0,0,0,0,0,0,0,0,/Users/Joachim/surfdrive/Sergei/KTR-analysis-workflow/Dataset example 20200204 HeLa E2 S1P UK P1 1317 nM s8/processed,/Users/Joachim/surfdrive/Sergei/KTR-analysis-workflow/Dataset example 20200204 HeLa E2 S1P UK P1 1317 nM s8/processed,/Users/Joachim/surfdrive/Sergei/KTR-analysis-workflow/Dataset example 20200204 HeLa E2 S1P UK P1 1317 nM s8/processed,/Users/Joachim/surfdrive/Sergei/KTR-analysis-workflow/Dataset example 20200204 HeLa E2 S1P UK P1 1317 nM s8/processed,Done,255,65535,65535,65535,0,0,0,0,0.5,0.005,0.5,0.005,-6.357185399487697,-13.331660327757596,0.0,0.41741872269034275,136,29,17,5,129,20,24,6,file:/Users/Joachim/surfdrive/Sergei/KTR-analysis-workflow/Dataset%20example%2020200204%20HeLa%20E2%20S1P%20UK%20P1%201317%20nM%20s8/processed/KTR_cellmask_0019.tif,file:/Users/Joachim/surfdrive/Sergei/KTR-analysis-workflow/Dataset%20example%2020200204%20HeLa%20E2%20S1P%20UK%20P1%201317%20nM%20s8/processed/KTR_Cyan-Channel0019.tif,file:/Users/Joachim/surfdrive/Sergei/KTR-analysis-workflow/Dataset%20example%2020200204%20HeLa%20E2%20S1P%20UK%20P1%201317%20nM%20s8/processed/KTR_Green-Channel0019.tif,file:/Users/Joachim/surfdrive/Sergei/KTR-analysis-workflow/Dataset%20example%2020200204%20HeLa%20E2%20S1P%20UK%20P1%201317%20nM%20s8/processed/KTR_nucleus0019.tif,1024,1024,1024,1024
-1,-1,-1,-1,702.0,701.0,702.0,0,0,0.47999999999996135,0,0.8199999999999363,0.8100000000000591,0.18999999999994088,1.410000000000025,2.6499999999999773,1.8500000000000227,0.09000000000003183,0.009999999999990905,0.009999999999990905,0.0,KTR_cellmask_0020.tif,KTR_Cyan-Channel0020.tif,KTR_Green-Channel0020.tif,KTR_nucleus0020.tif,0,0,0,0,20,1,1024,1024,1024,1024,20,eLudHbLcG20aD60kAGsaG42O/wzC6EFrGtMgkkbbxtRrG9MoD43WcVRrG1MthkD1kR0A3Wckew==,96d9e75716ce780c9b325bf86107679a,07e93ea4f0bd6fab2c263df98339cd71,72b7ba5d1ab66df8285e72e56d5e6010,bd461de01d9ae409f82e0d60cf1ac4a3,cellmask,nan,0,KTR,0,20,0,0,0,0,0,0,0,0,0,0,0,0,0,0,/Users/Joachim/surfdrive/Sergei/KTR-analysis-workflow/Dataset example 20200204 HeLa E2 S1P UK P1 1317 nM s8/processed,/Users/Joachim/surfdrive/Sergei/KTR-analysis-workflow/Dataset example 20200204 HeLa E2 S1P UK P1 1317 nM s8/processed,/Users/Joachim/surfdrive/Sergei/KTR-analysis-workflow/Dataset example 20200204 HeLa E2 S1P UK P1 1317 nM s8/processed,/Users/Joachim/surfdrive/Sergei/KTR-analysis-workflow/Dataset example 20200204 HeLa E2 S1P UK P1 1317 nM s8/processed,Done,255,65535,65535,65535,0,0,0,0,0.5,0.005,0.5,0.005,-6.3570573379752044,-13.329925659457176,0.0,0.41192452225493525,141,23,10,3,135,23,30,7,file:/Users/Joachim/surfdrive/Sergei/KTR-analysis-workflow/Dataset%20example%2020200204%20HeLa%20E2%20S1P%20UK%20P1%201317%20nM%20s8/processed/KTR_cellmask_0020.tif,file:/Users/Joachim/surfdrive/Sergei/KTR-analysis-workflow/Dataset%20example%2020200204%20HeLa%20E2%20S1P%20UK%20P1%201317%20nM%20s8/processed/KTR_Cyan-Channel0020.tif,file:/Users/Joachim/surfdrive/Sergei/KTR-analysis-workflow/Dataset%20example%2020200204%20HeLa%20E2%20S1P%20UK%20P1%201317%20nM%20s8/processed/KTR_Green-Channel0020.tif,file:/Users/Joachim/surfdrive/Sergei/KTR-analysis-workflow/Dataset%20example%2020200204%20HeLa%20E2%20S1P%20UK%20P1%201317%20nM%20s8/processed/KTR_nucleus0020.tif,1024,1024,1024,1024
-1,-1,-1,-1,696.0,695.0,696.0,0,0,0.4800000000000182,0,0.8299999999999841,0.7900000000000205,0.18999999999999773,1.400000000000034,2.6200000000000045,1.8999999999999773,0.10000000000002274,0.009999999999990905,0.009999999999990905,0.0,KTR_cellmask_0021.tif,KTR_Cyan-Channel0021.tif,KTR_Green-Channel0021.tif,KTR_nucleus0021.tif,0,0,0,0,21,1,1024,1024,1024,1024,21,eLudHbLcG20aD60kAGsaG41OcgzC6EFrGtMgkkbbxtRrG9MoD43WcVRrG1MthkD1kR0A6GQkfw==,0a77c261f2b8ac04384415a916b6f20f,a2f860041fe2f6e1c239620d3055b0a7,15fd1cb76cd582a75ba67e4fe7163b41,4e83f7d1f86099dfb2baae86342ef088,cellmask,nan,0,KTR,0,21,0,0,0,0,0,0,0,0,0,0,0,0,0,0,/Users/Joachim/surfdrive/Sergei/KTR-analysis-workflow/Dataset example 20200204 HeLa E2 S1P UK P1 1317 nM s8/processed,/Users/Joachim/surfdrive/Sergei/KTR-analysis-workflow/Dataset example 20200204 HeLa E2 S1P UK P1 1317 nM s8/processed,/Users/Joachim/surfdrive/Sergei/KTR-analysis-workflow/Dataset example 20200204 HeLa E2 S1P UK P1 1317 nM s8/processed,/Users/Joachim/surfdrive/Sergei/KTR-analysis-workflow/Dataset example 20200204 HeLa E2 S1P UK P1 1317 nM s8/processed,Done,255,65535,65535,65535,0,0,0,0,0.5,0.005,0.5,0.005,-6.357276631450739,-13.331695073818164,0.0,0.4133926618883095,134,23,11,1,133,14,29,10,file:/Users/Joachim/surfdrive/Sergei/KTR-analysis-workflow/Dataset%20example%2020200204%20HeLa%20E2%20S1P%20UK%20P1%201317%20nM%20s8/processed/KTR_cellmask_0021.tif,file:/Users/Joachim/surfdrive/Sergei/KTR-analysis-workflow/Dataset%20example%2020200204%20HeLa%20E2%20S1P%20UK%20P1%201317%20nM%20s8/processed/KTR_Cyan-Channel0021.tif,file:/Users/Joachim/surfdrive/Sergei/KTR-analysis-workflow/Dataset%20example%2020200204%20HeLa%20E2%20S1P%20UK%20P1%201317%20nM%20s8/processed/KTR_Green-Channel0021.tif,file:/Users/Joachim/surfdrive/Sergei/KTR-analysis-workflow/Dataset%20example%2020200204%20HeLa%20E2%20S1P%20UK%20P1%201317%20nM%20s8/processed/KTR_nucleus0021.tif,1024,1024,1024,1024
-1,-1,-1,-1,713.0,713.0,713.0,0,0,0.4800000000000182,0,0.839999999999975,0.8000000000000114,0.18000000000000682,1.4099999999999682,2.6100000000000136,1.8500000000000227,0.0999999999999659,0.0,0.0,0.009999999999990905,KTR_cellmask_0022.tif,KTR_Cyan-Channel0022.tif,KTR_Green-Channel0022.tif,KTR_nucleus0022.tif,0,0,0,0,22,1,1024,1024,1024,1024,22,eLudHbLcG20aD60kAGsaGxmNNo0HX/SgNY1pEEmjbWPqtY1plIdG6ziqtY2pFkOg+sgOAPNhJIM=,ffa6aedb7a1b38807b1de84ac418d6b1,f54eb181dac1c24f535b66934b98b2ca,6c2bc93368b16e28bf757ef6eef13c2e,16a69a754b8f5e729ea0779cb3ba4f8c,cellmask,nan,0,KTR,0,22,0,0,0,0,0,0,0,0,0,0,0,0,0,0,/Users/Joachim/surfdrive/Sergei/KTR-analysis-workflow/Dataset example 20200204 HeLa E2 S1P UK P1 1317 nM s8/processed,/Users/Joachim/surfdrive/Sergei/KTR-analysis-workflow/Dataset example 20200204 HeLa E2 S1P UK P1 1317 nM s8/processed,/Users/Joachim/surfdrive/Sergei/KTR-analysis-workflow/Dataset example 20200204 HeLa E2 S1P UK P1 1317 nM s8/processed,/Users/Joachim/surfdrive/Sergei/KTR-analysis-workflow/Dataset example 20200204 HeLa E2 S1P UK P1 1317 nM s8/processed,Done,255,65535,65535,65535,0,0,0,0,0.5,0.005,0.5,0.005,-6.357020031257811,-13.32912563761874,0.0,0.41516708257344703,125,10,4,3,139,30,35,7,file:/Users/Joachim/surfdrive/Sergei/KTR-analysis-workflow/Dataset%20example%2020200204%20HeLa%20E2%20S1P%20UK%20P1%201317%20nM%20s8/processed/KTR_cellmask_0022.tif,file:/Users/Joachim/surfdrive/Sergei/KTR-analysis-workflow/Dataset%20example%2020200204%20HeLa%20E2%20S1P%20UK%20P1%201317%20nM%20s8/processed/KTR_Cyan-Channel0022.tif,file:/Users/Joachim/surfdrive/Sergei/KTR-analysis-workflow/Dataset%20example%2020200204%20HeLa%20E2%20S1P%20UK%20P1%201317%20nM%20s8/processed/KTR_Green-Channel0022.tif,file:/Users/Joachim/surfdrive/Sergei/KTR-analysis-workflow/Dataset%20example%2020200204%20HeLa%20E2%20S1P%20UK%20P1%201317%20nM%20s8/processed/KTR_nucleus0022.tif,1024,1024,1024,1024
-1,-1,-1,-1,727.0,726.0,727.0,0,0,0.5099999999999909,0,0.8400000000000318,0.8299999999999841,0.18999999999999773,1.4399999999999977,2.670000000000016,1.8900000000000432,0.18999999999999773,0.0,0.009999999999990905,0.0,KTR_cellmask_0023.tif,KTR_Cyan-Channel0023.tif,KTR_Green-Channel0023.tif,KTR_nucleus0023.tif,0,0,0,0,23,1,1024,1024,1024,1024,23,eLudHbLcG20aD60kAGsaG402jQdh9KA1jWkQSaNtY+q1jWmUh0brOKq1jakWQ6D6yA4A/l4khw==,7a81c762ab8a1ec9e193a51ae347d8db,6a481b05f915a4c316bd8c71ebb57c84,a9ebcf9a96b8cf645228ba8dd028930a,bbeee54d85d32993d4f78c24887ac8fc,cellmask,nan,0,KTR,0,23,0,0,0,0,0,0,0,0,0,0,0,0,0,0,/Users/Joachim/surfdrive/Sergei/KTR-analysis-workflow/Dataset example 20200204 HeLa E2 S1P UK P1 1317 nM s8/processed,/Users/Joachim/surfdrive/Sergei/KTR-analysis-workflow/Dataset example 20200204 HeLa E2 S1P UK P1 1317 nM s8/processed,/Users/Joachim/surfdrive/Sergei/KTR-analysis-workflow/Dataset example 20200204 HeLa E2 S1P UK P1 1317 nM s8/processed,/Users/Joachim/surfdrive/Sergei/KTR-analysis-workflow/Dataset example 20200204 HeLa E2 S1P UK P1 1317 nM s8/processed,Done,255,65535,65535,65535,0,0,0,0,0.5,0.005,0.5,0.005,-6.3798911404463645,-13.331264773645163,0.0,0.41578405643997485,129,17,4,1,136,27,37,11,file:/Users/Joachim/surfdrive/Sergei/KTR-analysis-workflow/Dataset%20example%2020200204%20HeLa%20E2%20S1P%20UK%20P1%201317%20nM%20s8/processed/KTR_cellmask_0023.tif,file:/Users/Joachim/surfdrive/Sergei/KTR-analysis-workflow/Dataset%20example%2020200204%20HeLa%20E2%20S1P%20UK%20P1%201317%20nM%20s8/processed/KTR_Cyan-Channel0023.tif,file:/Users/Joachim/surfdrive/Sergei/KTR-analysis-workflow/Dataset%20example%2020200204%20HeLa%20E2%20S1P%20UK%20P1%201317%20nM%20s8/processed/KTR_Green-Channel0023.tif,file:/Users/Joachim/surfdrive/Sergei/KTR-analysis-workflow/Dataset%20example%2020200204%20HeLa%20E2%20S1P%20UK%20P1%201317%20nM%20s8/processed/KTR_nucleus0023.tif,1024,1024,1024,1024
-1,-1,-1,-1,709.0,708.0,709.0,0,0,0.4399999999999977,0,0.8299999999999841,0.8000000000000114,0.18999999999994088,1.410000000000025,2.659999999999968,1.8500000000000227,0.10000000000002274,0.009999999999990905,0.009999999999990905,0.0,KTR_cellmask_0024.tif,KTR_Cyan-Channel0024.tif,KTR_Green-Channel0024.tif,KTR_nucleus0024.tif,0,0,0,0,24,1,1024,1024,1024,1024,24,eLudHbLcG20aD60kAGsaG5mMNo0HX/SgNY1pEEmjbWPqtY1plIdG6ziqtY2pFkOg+sgOAAlqJIs=,24352e47a47e7b141f1807a6bc57de31,9e785ad49fdcf1cc1bcb16b4d4f88856,53d7b531c3411d8e8ec135bd229f8b43,e55dbc05b9502cf5256e8fca4614310f,cellmask,nan,0,KTR,0,24,0,0,0,0,0,0,0,0,0,0,0,0,0,0,/Users/Joachim/surfdrive/Sergei/KTR-analysis-workflow/Dataset example 20200204 HeLa E2 S1P UK P1 1317 nM s8/processed,/Users/Joachim/surfdrive/Sergei/KTR-analysis-workflow/Dataset example 20200204 HeLa E2 S1P UK P1 1317 nM s8/processed,/Users/Joachim/surfdrive/Sergei/KTR-analysis-workflow/Dataset example 20200204 HeLa E2 S1P UK P1 1317 nM s8/processed,/Users/Joachim/surfdrive/Sergei/KTR-analysis-workflow/Dataset example 20200204 HeLa E2 S1P UK P1 1317 nM s8/processed,Done,255,65535,65535,65535,0,0,0,0,0.5,0.005,0.5,0.005,-6.365722250483472,-13.333179031469998,0.0,0.4144139699437801,143,31,11,6,125,17,33,7,file:/Users/Joachim/surfdrive/Sergei/KTR-analysis-workflow/Dataset%20example%2020200204%20HeLa%20E2%20S1P%20UK%20P1%201317%20nM%20s8/processed/KTR_cellmask_0024.tif,file:/Users/Joachim/surfdrive/Sergei/KTR-analysis-workflow/Dataset%20example%2020200204%20HeLa%20E2%20S1P%20UK%20P1%201317%20nM%20s8/processed/KTR_Cyan-Channel0024.tif,file:/Users/Joachim/surfdrive/Sergei/KTR-analysis-workflow/Dataset%20example%2020200204%20HeLa%20E2%20S1P%20UK%20P1%201317%20nM%20s8/processed/KTR_Green-Channel0024.tif,file:/Users/Joachim/surfdrive/Sergei/KTR-analysis-workflow/Dataset%20example%2020200204%20HeLa%20E2%20S1P%20UK%20P1%201317%20nM%20s8/processed/KTR_nucleus0024.tif,1024,1024,1024,1024
-1,-1,-1,-1,720.0,719.0,720.0,0,0,0.44999999999998863,0,0.8199999999999932,0.8000000000000114,0.18000000000000682,1.410000000000025,2.6499999999999773,1.8600000000000136,0.10000000000002274,0.009999999999990905,0.009999999999990905,0.0,KTR_cellmask_0025.tif,KTR_Cyan-Channel0025.tif,KTR_Green-Channel0025.tif,KTR_nucleus0025.tif,0,0,0,0,25,1,1024,1024,1024,1024,25,eLudHbLcG20aD60kAGsa0yh/jjaNqdk0pkEkjbaNqdc2Hq3jBl/0oLaNqRZDoPrIDgAUZySP,d1a6b92d5b935b463450eaea91a1a352,18924d4134c38aac01711325e358d535,6cb50b2350690d34122b662d75c005f9,2b1e0a0adb042c4380c57b658100482b,cellmask,nan,0,KTR,0,25,0,0,0,0,0,0,0,0,0,0,0,0,0,0,/Users/Joachim/surfdrive/Sergei/KTR-analysis-workflow/Dataset example 20200204 HeLa E2 S1P UK P1 1317 nM s8/processed,/Users/Joachim/surfdrive/Sergei/KTR-analysis-workflow/Dataset example 20200204 HeLa E2 S1P UK P1 1317 nM s8/processed,/Users/Joachim/surfdrive/Sergei/KTR-analysis-workflow/Dataset example 20200204 HeLa E2 S1P UK P1 1317 nM s8/processed,/Users/Joachim/surfdrive/Sergei/KTR-analysis-workflow/Dataset example 20200204 HeLa E2 S1P UK P1 1317 nM s8/processed,Done,255,65535,65535,65535,0,0,0,0,0.5,0.005,0.5,0.005,-6.357904669068736,-13.335183278282312,0.0,0.41722724830611924,126,20,12,4,144,32,29,6,file:/Users/Joachim/surfdrive/Sergei/KTR-analysis-workflow/Dataset%20example%2020200204%20HeLa%20E2%20S1P%20UK%20P1%201317%20nM%20s8/processed/KTR_cellmask_0025.tif,file:/Users/Joachim/surfdrive/Sergei/KTR-analysis-workflow/Dataset%20example%2020200204%20HeLa%20E2%20S1P%20UK%20P1%201317%20nM%20s8/processed/KTR_Cyan-Channel0025.tif,file:/Users/Joachim/surfdrive/Sergei/KTR-analysis-workflow/Dataset%20example%2020200204%20HeLa%20E2%20S1P%20UK%20P1%201317%20nM%20s8/processed/KTR_Green-Channel0025.tif,file:/Users/Joachim/surfdrive/Sergei/KTR-analysis-workflow/Dataset%20example%2020200204%20HeLa%20E2%20S1P%20UK%20P1%201317%20nM%20s8/processed/KTR_nucleus0025.tif,1024,1024,1024,1024
-1,-1,-1,-1,725.0,724.0,725.0,0,0,0.4600000000000364,0,0.839999999999975,0.8100000000000023,0.20000000000004547,1.4099999999999682,2.6200000000000045,1.9499999999999886,0.10000000000002274,0.009999999999990905,0.010000000000047748,0.0,KTR_cellmask_0026.tif,KTR_Cyan-Channel0026.tif,KTR_Green-Channel0026.tif,KTR_nucleus0026.tif,0,0,0,0,26,1,1024,1024,1024,1024,26,eLudHbLcG20aD60kAGsaG5mNNo0HX/SgNY1pEEmjbWPqtY1plIdG6ziqtY2pFkOg+sgOAB9kJJM=,ff855a02062357ec516947665a780f7f,ec44e324a8a2e04939e0ef74ce40a228,68c30202d6dba283d19afe3caa69aec3,80de9c1da43f4c6aee26a9d44184ab30,cellmask,nan,0,KTR,0,26,0,0,0,0,0,0,0,0,0,0,0,0,0,0,/Users/Joachim/surfdrive/Sergei/KTR-analysis-workflow/Dataset example 20200204 HeLa E2 S1P UK P1 1317 nM s8/processed,/Users/Joachim/surfdrive/Sergei/KTR-analysis-workflow/Dataset example 20200204 HeLa E2 S1P UK P1 1317 nM s8/processed,/Users/Joachim/surfdrive/Sergei/KTR-analysis-workflow/Dataset example 20200204 HeLa E2 S1P UK P1 1317 nM s8/processed,/Users/Joachim/surfdrive/Sergei/KTR-analysis-workflow/Dataset example 20200204 HeLa E2 S1P UK P1 1317 nM s8/processed,Done,255,65535,65535,65535,0,0,0,0,0.5,0.005,0.5,0.005,-6.35783843107952,-13.336859846854251,0.0,0.41569597891370336,132,30,6,1,130,29,37,13,file:/Users/Joachim/surfdrive/Sergei/KTR-analysis-workflow/Dataset%20example%2020200204%20HeLa%20E2%20S1P%20UK%20P1%201317%20nM%20s8/processed/KTR_cellmask_0026.tif,file:/Users/Joachim/surfdrive/Sergei/KTR-analysis-workflow/Dataset%20example%2020200204%20HeLa%20E2%20S1P%20UK%20P1%201317%20nM%20s8/processed/KTR_Cyan-Channel0026.tif,file:/Users/Joachim/surfdrive/Sergei/KTR-analysis-workflow/Dataset%20example%2020200204%20HeLa%20E2%20S1P%20UK%20P1%201317%20nM%20s8/processed/KTR_Green-Channel0026.tif,file:/Users/Joachim/surfdrive/Sergei/KTR-analysis-workflow/Dataset%20example%2020200204%20HeLa%20E2%20S1P%20UK%20P1%201317%20nM%20s8/processed/KTR_nucleus0026.tif,1024,1024,1024,1024
-1,-1,-1,-1,722.0,721.0,722.0,0,0,0.40999999999996817,0,0.8300000000000409,0.8000000000000114,0.18999999999999773,1.4800000000000182,2.6299999999999955,1.8999999999999773,0.10000000000002274,0.009999999999990905,0.009999999999990905,0.0,KTR_cellmask_0027.tif,KTR_Cyan-Channel0027.tif,KTR_Green-Channel0027.tif,KTR_nucleus0027.tif,0,0,0,0,27,1,1024,1024,1024,1024,27,eLudHbLcG20aD60kAGsaG9Gm9zraNKZm05gGkTTaNqZe25hGeWi0jqNa25hqMQSqj+wAKmEklw==,20a2044e89887c841ad008192c659c00,ff725c5a91f394b5134054815c51d536,41530afe8b9e2a6de82f0bded48b0a6b,8898aaf2ea476412c650267d58ffd00d,cellmask,nan,0,KTR,0,27,0,0,0,0,0,0,0,0,0,0,0,0,0,0,/Users/Joachim/surfdrive/Sergei/KTR-analysis-workflow/Dataset example 20200204 HeLa E2 S1P UK P1 1317 nM s8/processed,/Users/Joachim/surfdrive/Sergei/KTR-analysis-workflow/Dataset example 20200204 HeLa E2 S1P UK P1 1317 nM s8/processed,/Users/Joachim/surfdrive/Sergei/KTR-analysis-workflow/Dataset example 20200204 HeLa E2 S1P UK P1 1317 nM s8/processed,/Users/Joachim/surfdrive/Sergei/KTR-analysis-workflow/Dataset example 20200204 HeLa E2 S1P UK P1 1317 nM s8/processed,Done,255,65535,65535,65535,0,0,0,0,0.5,0.005,0.5,0.005,-6.38024740009957,-13.336074711574497,0.0,0.4184697496997103,131,34,9,4,127,27,38,15,file:/Users/Joachim/surfdrive/Sergei/KTR-analysis-workflow/Dataset%20example%2020200204%20HeLa%20E2%20S1P%20UK%20P1%201317%20nM%20s8/processed/KTR_cellmask_0027.tif,file:/Users/Joachim/surfdrive/Sergei/KTR-analysis-workflow/Dataset%20example%2020200204%20HeLa%20E2%20S1P%20UK%20P1%201317%20nM%20s8/processed/KTR_Cyan-Channel0027.tif,file:/Users/Joachim/surfdrive/Sergei/KTR-analysis-workflow/Dataset%20example%2020200204%20HeLa%20E2%20S1P%20UK%20P1%201317%20nM%20s8/processed/KTR_Green-Channel0027.tif,file:/Users/Joachim/surfdrive/Sergei/KTR-analysis-workflow/Dataset%20example%2020200204%20HeLa%20E2%20S1P%20UK%20P1%201317%20nM%20s8/processed/KTR_nucleus0027.tif,1024,1024,1024,1024
